<?xml version="1.0" encoding="UTF-8"?>
<beans xmlns="http://www.springframework.org/schema/beans"
       xmlns:xsi="http://www.w3.org/2001/XMLSchema-instance"
       xsi:schemaLocation="http://www.springframework.org/schema/beans http://www.springframework.org/schema/beans/spring-beans.xsd">

    <!-- Load the Model -->
    <bean id="googledocsModel.dictionaryBootstrap" parent="dictionaryModelBootstrap"
          depends-on="dictionaryBootstrap">
        <property name="models">
            <list>
                <value>alfresco/subsystems/googledocs/drive/googledocs-model.xml</value>
            </list>
        </property>
    </bean>

    <!-- Google Docs default subsystem -->
    <bean id="googledocs_drive" class="org.alfresco.repo.management.subsystems.ChildApplicationContextFactory"
          parent="abstractPropertyBackedBean">
        <property name="category">
            <value>googledocs</value>
        </property>
        <property name="typeName">
            <value>drive</value>
        </property>
        <property name="instancePath">
            <value>drive</value>
        </property>
        <property name="autoStart">
            <value>true</value>
        </property>
    </bean>

    <!-- Policy/Behaviors -->
    <bean id="editinginGoogleAspect" class="org.alfresco.integrations.google.docs.model.EditingInGoogleAspect" init-method="init">
        <property name="policyComponent">
            <ref bean="policyComponent"/>
        </property>
        <property name="nodeService">
            <ref bean="nodeService"/>
        </property>
    </bean>

    <!-- Utility Beans -->
    <bean id="fileNameUtil" class="org.alfresco.integrations.google.docs.utils.FileNameUtil">
        <property name="mimetypeService">
            <ref bean="mimetypeService"/>
        </property>
        <property name="fileFolderService">
            <ref bean="FileFolderService"/>
        </property>
        <property name="siteService">
            <ref bean="SiteService"/>
        </property>
        <property name="permissionService">
            <ref bean="permissionService"/>
        </property>
    </bean>

    <!-- Custom WebScripts -->
    <bean id="webscript.org.alfresco.integrations.google.docs.AuthURL.get"
          class="org.alfresco.integrations.google.docs.webscripts.AuthURL"
          parent="webscript"/>

    <bean
            id="webscript.org.alfresco.integrations.google.docs.CompleteAuth.get"
            class="org.alfresco.integrations.google.docs.webscripts.CompleteAuth"
            parent="webscript"/>

    <bean
            id="webscript.org.alfresco.integrations.google.docs.Exportable.get"
            class="org.alfresco.integrations.google.docs.webscripts.Exportable"
            parent="webscript"/>

    <bean id="webscript.org.alfresco.integrations.google.docs.CreateContent.get"
          class="org.alfresco.integrations.google.docs.webscripts.CreateContent" parent="webscript">
        <property name="fileFolderService">
            <ref bean="FileFolderService"/>
        </property>
    </bean>

    <bean id="webscript.org.alfresco.integrations.google.docs.UploadContent.post"
          class="org.alfresco.integrations.google.docs.webscripts.UploadContent" parent="webscript">
        <property name="nodeService">
            <ref bean="nodeService"/>
        </property>
        <property name="versionService">
            <ref bean="VersionService"/>
        </property>
    </bean>

    <bean id="webscript.org.alfresco.integrations.google.docs.SaveContent.post"
          class="org.alfresco.integrations.google.docs.webscripts.SaveContent" parent="webscript">
        <property name="nodeService">
            <ref bean="nodeService"/>
        </property>
        <property name="versionService">
            <ref bean="VersionService"/>
        </property>
        <property name="transactionService">
            <ref bean="transactionService"/>
        </property>
        <property name="siteService">
            <ref bean="SiteService"/>
        </property>
        <property name="fileNameUtil">
            <ref bean="fileNameUtil"/>
        </property>
    </bean>

    <bean id="webscript.org.alfresco.integrations.google.docs.HasConcurrentEditors.get"
          class="org.alfresco.integrations.google.docs.webscripts.HasConcurrentEditors"/>

    <bean id="webscript.org.alfresco.integrations.google.docs.IsLatestRevision.get"
          class="org.alfresco.integrations.google.docs.webscripts.IsLatestRevision">
        <property name="nodeService">
            <ref bean="nodeService"/>
        </property>
    </bean>

    <bean id="webscript.org.alfresco.integrations.google.docs.RemoveContent.post"
          class="org.alfresco.integrations.google.docs.webscripts.RemoveContent">
        <property name="nodeService">
            <ref bean="nodeService"/>
        </property>
        <property name="transactionService">
            <ref bean="transactionService"/>
        </property>
    </bean>

    <bean id="webscript.org.alfresco.integrations.google.docs.DiscardContent.post"
          class="org.alfresco.integrations.google.docs.webscripts.DiscardContent">
        <property name="nodeService">
            <ref bean="nodeService"/>
        </property>
        <property name="transactionService">
            <ref bean="transactionService"/>
        </property>
        <property name="siteService">
            <ref bean="SiteService"/>
        </property>
        <property name="fileNameUtil">
            <ref bean="fileNameUtil"/>
        </property>
    </bean>

    <bean id="webscript.org.alfresco.integrations.google.docs.UserProfile.get"
          class="org.alfresco.integrations.google.docs.webscripts.UserProfile"/>

</beans>
