<?xml version="1.0" encoding="UTF-8"?>
<beans xmlns="http://www.springframework.org/schema/beans"
   xmlns:xsi="http://www.w3.org/2001/XMLSchema-instance"
   xsi:schemaLocation="http://www.springframework.org/schema/beans http://www.springframework.org/schema/beans/spring-beans-3.0.xsd">

   <!-- -->
   <!-- Slingshot Data List REST API -->
   <!-- -->

   <!-- For importing whole sites -->
    <bean id="patch.siteLoadPatch.swsdp" class="org.alfresco.repo.admin.patch.impl.SiteLoadPatch" parent="basePatch">
        <property name="id"><value>patch.siteLoadPatch.swsdp</value></property>
        <property name="description"><value>patch.siteLoadPatch.description</value></property>
        <property name="fixesFromSchema"><value>0</value></property>
        <property name="fixesToSchema"><value>${version.schema}</value></property>
        <property name="targetSchema"><value>100000</value></property>
        <property name="disabled"><value>${sample.site.disabled}</value></property>
        <property name="dependsOn" >
            <list>
                <ref bean="patch.updateDmPermissions" />
            </list>
        </property>
        <property name="spacesBootstrap" ref="siteLoadBootstrap-Spaces" />
        <property name="usersBootstrap" ref="siteLoadBootstrap-Users" />
        <property name="siteService" ref="siteService" />
        <property name="descriptorService" ref="descriptorComponent" />
        <property name="authorityService" ref="authorityService" />
        <property name="behaviourFilter" ref="policyBehaviourFilter" />
        <property name="siteName">
            <value>swsdp</value>
        </property>
        <property name="bootstrapViews">
            <map>
                <entry key="users">
                    <props>
                        <prop key="location">alfresco/bootstrap/team-sample-sites/swsdp/Users.acp</prop>
                    </props>
                </entry>
                <entry key="people">
                    <props>
                        <prop key="location">alfresco/bootstrap/team-sample-sites/swsdp/People.acp</prop>
                    </props>
                </entry>
                <entry key="groups">
                    <props>
                        <prop key="location">alfresco/bootstrap/team-sample-sites/swsdp/Groups.txt</prop>
                    </props>
                </entry>
                <entry key="contents">
                    <props>
                        <prop key="location">alfresco/bootstrap/team-sample-sites/swsdp/Contents.acp</prop>
                    </props>
                </entry>
            </map>
        </property>
    </bean>
    
   
   <!-- Download a datalist as Excel XLS / XLSX -->
   <bean id="webscript.org.alfresco.slingshot.datalists.list.get"
      class="org.alfresco.repo.web.scripts.datalist.DataListDownloadWebScript"
      parent="declarativeSpreadsheetWebScript">
      <property name="nodeService" ref="NodeService" />
      <property name="siteService" ref="SiteService" />
      <property name="namespaceService" ref="namespaceService" />
      <property name="dictionaryService" ref="dictionaryService" />
      <property name="modelOrder">
         <!-- These are taken from the forms config for now -->
         <map>
            <entry key="dl:todoList">
               <value>dl:todoTitle,dl:todoDueDate,dl:todoPriority,dl:todoStatus,dl:todoNotes,dl:assignee,dl:attachments</value>
            </entry>
            <entry key="dl:task">
               <value>cm:title,cm:description,dl:ganttStartDate,dl:ganttEndDate,dl:taskAssignee,dl:taskPriority,dl:taskStatus,dl:ganttPercentComplete,dl:taskComments,cm:attachments</value>
            </entry>
            <entry key="dl:simpletask">
               <value>cm:title,cm:description,dl:simpletaskDueDate,dl:simpletaskPriority,dl:simpletaskStatus,dl:simpletaskComments</value>
            </entry>
            <entry key="dl:contact">
               <value>dl:contactFirstName,dl:contactLastName,dl:contactEmail,dl:contactCompany,dl:contactJobTitle,dl:contactPhoneOffice,dl:contactPhoneMobile,dl:contactNotes</value>
            </entry>
            <entry key="dl:issue">
               <value>dl:issueID,cm:title,dl:issueAssignedTo,dl:issueStatus,dl:issuePriority,cm:description,dl:issueDueDate,dl:issueComments,cm:attachments</value>
            </entry>
            <entry key="dl:event">
               <value>cm:title,cm:description,dl:eventLocation,dl:eventStartDate,dl:eventEndDate,dl:eventRegistrations,cm:attachments,dl:eventNote</value>
            </entry>
            <entry key="dl:location">
               <value>cm:title,dl:locationAddress1,dl:locationAddress2,dl:locationAddress3,dl:locationZip,dl:locationState,dl:locationCountry,cm:description,cm:attachments</value>
            </entry>
            <entry key="dl:meetingAgenda">
               <value>dl:meetingAgendaRef,cm:title,cm:description,dl:meetingAgendaTime,dl:meetingAgendaOwner,cm:attachments</value>
            </entry>
            <entry key="dl:eventAgenda">
               <value>dl:eventAgendaRef,dl:eventAgendaStartTime,dl:eventAgendaEndTime,dl:eventAgendaSessionName,dl:eventAgendaPresenter,dl:eventAgendaAudience,cm:attachments,dl:eventAgendaNotes</value>
            </entry>
         </map>
      </property>
   </bean>
   
   <!--                                        -->
   <!--          Wiki Pages REST API           -->
   <!--                                        -->
   
   <!-- abstract wiki web script -->
   <bean id="abstractWikiWebScript" parent="webscript" abstract="true">
        <property name="nodeService" ref="NodeService"/>
        <property name="siteService" ref="SiteService"/>
        <property name="wikiService" ref="WikiService"/>
        <property name="personService" ref="PersonService"/>
        <property name="activityService" ref="activityService"/>
   </bean>

   <!-- Fetches the details of one wiki page -->
   <bean id="webscript.org.alfresco.slingshot.wiki.page.get"
         class="org.alfresco.repo.web.scripts.wiki.WikiPageGet"
         parent="abstractWikiWebScript">
   </bean>

   <!-- Fetches the contents of one wiki page at a specific version -->
   <bean id="webscript.org.alfresco.slingshot.wiki.version.get"
         class="org.alfresco.repo.web.scripts.wiki.WikiPageVersionGet"
         parent="abstractWikiWebScript">
      <property name="contentService" ref="ContentService" />
      <property name="versionService" ref="VersionService" />
   </bean>

   <!-- Creates and Edits wiki pages -->
   <bean id="webscript.org.alfresco.slingshot.wiki.page.put"
         class="org.alfresco.repo.web.scripts.wiki.WikiPagePut"
         parent="abstractWikiWebScript">
      <property name="versionService" ref="VersionService" />
   </bean>

   <!-- Renames a wiki page (changing the title and name) -->
   <bean id="webscript.org.alfresco.slingshot.wiki.move.post"
         class="org.alfresco.repo.web.scripts.wiki.WikiPageMovePost"
         parent="abstractWikiWebScript">
   </bean>

   <!-- Deletes a wiki page -->
   <bean id="webscript.org.alfresco.slingshot.wiki.page.delete"
         class="org.alfresco.repo.web.scripts.wiki.WikiPageDelete"
         parent="abstractWikiWebScript">
   </bean>
   
   <!-- Lists the Wiki Pages for a site -->
   <bean id="webscript.org.alfresco.slingshot.wiki.pagelist.get"
         class="org.alfresco.repo.web.scripts.wiki.WikiPageListGet"
         parent="abstractWikiWebScript">
      <property name="sysAdminParams" ref="sysAdminParams" />
   </bean>
   
   <!-- Share Content Download - post of an Activity before performing a Site download action -->
   <bean id="webscript.org.alfresco.slingshot.download.get" class="org.alfresco.slingshot.web.scripts.SlingshotContentGet" parent="webscript.org.alfresco.content.content.get">
      <property name="siteService" ref="SiteService" />
      <property name="poster" ref="activitiesPoster" />
      <property name="transactionHelper" ref="retryingTransactionHelper" />
   </bean>
   
   <!-- Node browser web script -->
   <bean id="webscript.org.alfresco.slingshot.node-browser.node-browser.get" parent="webscript"
         class="org.alfresco.slingshot.web.scripts.NodeBrowserScript">
      <property name="transactionService">
         <ref bean="TransactionService" />
      </property>
      <property name="nodeService">
         <ref bean="NodeService" />
      </property>
      <property name="dictionaryService">
         <ref bean="DictionaryService" />
      </property>
      <property name="searchService">
         <ref bean="SearchService" />
      </property>
      <property name="namespaceService">
         <ref bean="NamespaceService" />
      </property>
      <property name="permissionService">
         <ref bean="PermissionService" />
      </property>
      <property name="ownableService">
         <ref bean="OwnableService" />
      </property>
   </bean>
   
   <!-- AutoSuggest web script -->
   <bean id="webscript.org.alfresco.slingshot.search.auto-suggest-search.get" class="org.alfresco.repo.web.scripts.search.AutoSuggestSearchGet" parent="webscript">
      <property name="suggesterService" ref="suggesterService"/>
   </bean>
   
   <!-- Share URL webscript -->
   <bean id="webscript.org.alfresco.repository.site.site-share-view-url.get" class="org.alfresco.repo.web.scripts.site.SiteShareViewUrlGet" parent="webscript">
      <property name="nodeService" ref="NodeService"/>
      <property name="siteService" ref="SiteService"/>
      <property name="sysAdminParams" ref="sysAdminParams" />
      <property name="dictionaryService" ref="DictionaryService"/>
   </bean>

   <!-- ============= -->
   <!-- Wiki Services -->
   <!-- ============= -->

   <!-- The wiki service itself does not require any security restrictions, -->
   <!-- they are imposed by the node and site services it uses to do its work. -->
   <bean id="WikiService_security"
      class="org.alfresco.repo.security.permissions.impl.AlwaysProceedMethodInterceptor" />

   <!-- The canned queries that the wiki services use do however need to check -->
   <bean id="WikiService_CannedQuery_security"
      class="org.alfresco.repo.security.permissions.impl.acegi.MethodSecurityInterceptor">
      <property name="authenticationManager">
         <ref bean="authenticationManager" />
      </property>
      <property name="accessDecisionManager">
         <ref bean="accessDecisionManager" />
      </property>
      <property name="afterInvocationManager">
         <ref bean="afterInvocationManager" />
      </property>
      <property name="objectDefinitionSource">
         <value>
            org.alfresco.service.cmr.wiki.WikiService.listWikiPages=ACL_ALLOW,AFTER_ACL_NODE.sys:base.ReadProperties
         </value>
      </property>
   </bean>

   <bean id="WikiService_security_listWikiPages"
      class="org.alfresco.repo.security.permissions.impl.acegi.MethodSecurityBean">
      <property name="methodSecurityInterceptor" ref="WikiService_CannedQuery_security" />
      <property name="service"
         value="org.alfresco.service.cmr.wiki.WikiService" />
      <property name="methodName" value="listWikiPages" />
   </bean>

   <!-- Wiki Service -->
   <bean id="WikiService" class="org.springframework.aop.framework.ProxyFactoryBean">
      <property name="proxyInterfaces">
         <value>org.alfresco.service.cmr.wiki.WikiService</value>
      </property>
      <property name="target">
         <ref bean="wikiService" />
      </property>
      <property name="interceptorNames">
         <list>
            <idref local="WikiService_transaction" />
            <idref bean="AuditMethodInterceptor" />
            <idref bean="exceptionTranslator" />
            <idref bean="WikiService_security" />
         </list>
      </property>
   </bean>

   <!-- Wiki service transaction bean -->
   <bean id="WikiService_transaction"
      class="org.alfresco.repo.transaction.RetryingTransactionInterceptor">
      <property name="transactionService">
         <ref bean="TransactionService" />
      </property>
      <property name="transactionManager">
         <ref bean="transactionManager" />
      </property>
      <property name="transactionAttributes">
         <props>
            <prop key="get*">${server.transaction.mode.readOnly}</prop>
            <prop key="list*">${server.transaction.mode.readOnly}</prop>
            <prop key="*">${server.transaction.mode.default}</prop>
         </props>
      </property>
   </bean>

   <!-- List of Wiki Canned queries -->
   <bean id="wikiCannedQueryRegistry" class="org.alfresco.util.registry.NamedObjectRegistry">
      <property name="storageType" value="org.alfresco.query.CannedQueryFactory" />
   </bean>

   <!-- The regular GetChildren Auditable Canned Query Factory -->
   <bean name="wikiGetChildrenCannedQueryFactory"
      class="org.alfresco.repo.node.getchildren.GetChildrenAuditableCannedQueryFactory">
      <property name="registry" ref="wikiCannedQueryRegistry" />
      <property name="tenantService" ref="tenantService" />
      <property name="nodeDAO" ref="nodeDAO" />
      <property name="qnameDAO" ref="qnameDAO" />
      <property name="cannedQueryDAO" ref="cannedQueryDAO" />
      <property name="methodSecurity" ref="WikiService_security_listWikiPages" />
   </bean>

   <!-- Wiki Service base bean -->
   <bean id="wikiService" class="org.alfresco.repo.wiki.WikiServiceImpl">
      <property name="nodeDAO" ref="nodeDAO" />
      <property name="nodeService" ref="NodeService" />
      <property name="siteService" ref="SiteService" />
      <property name="contentService" ref="ContentService" />
      <property name="taggingService" ref="TaggingService" />
      <property name="fileFolderService" ref="FileFolderService" />
      <property name="transactionService" ref="transactionService" />
      <property name="cannedQueryRegistry" ref="wikiCannedQueryRegistry" />
   </bean>

   <bean id="slingshotDocLibCustomResponse" parent="baseJavaScriptExtension" class="org.alfresco.repo.jscript.SlingshotDocLibCustomResponse">
        <property name="extensionName">
            <value>slingshotDocLib</value>
       </property>
       <property name="customResponses" ref="slingshotDocLibCustomResponsesMap" />
    </bean>

    <bean name="registerSlingshotCustomResponse" class="org.alfresco.repo.jscript.SlingshotDocLibCustomResponseRegistrar"
           init-method="addCustomResponse" abstract="true">
       <property name="responsesMap">
           <ref bean="slingshotDocLibCustomResponsesMap" />
       </property>
    </bean>
</beans>

