<?xml version='1.0' encoding='UTF-8'?>
<!DOCTYPE beans PUBLIC '-//SPRING//DTD BEAN//EN' 'http://www.springframework.org/dtd/spring-beans.dtd'>

<beans>
	<!-- Registration of new models -->
	<bean id="soap:SOAPDataModel" parent="dictionaryModelBootstrap" depends-on="dictionaryBootstrap">
		<property name="models">
			<list>
				<value>alfresco/extension/model/soap-content-model.xml</value>
			</list>
		</property>
	</bean>
	
	<!-- <bean id="extension.so.resourceBundle" class="org.alfresco.i18n.ResourceBundleBootstrapComponent">
       <property name="resourceBundles">
          <list>
             <value>alfresco.messages.SOAP</value>
          </list>
       </property>
    </bean> -->

</beans>
