<?xml version="1.0" encoding="UTF-8" ?>

<model name="soap:SOAPDataModel" xmlns="http://www.alfresco.org/model/dictionary/1.0">
	<description>Smart On Bording Process</description>
	<author>Naveen Vatambeti</author>
	<version>1.0</version>

              
	<imports>
        <import uri="http://www.alfresco.org/model/dictionary/1.0" prefix="d" />
        <import uri="http://www.alfresco.org/model/content/1.0" prefix="cm" />
    </imports>
	
    <namespaces>
        <namespace uri="http://www.si.com/soapprovider/model/content/1.0" prefix="soap" />
    </namespaces>
	
	<!-- T Y P E S -->
	<types>
	

		<!-- GECAP Customer Folder Type-->
		<type name="soap:proDoc">
		  <title>Provider Document</title>
		  <parent>cm:content</parent>
		  <properties>
				
				<property name="soap:docuSignId"> 
					<title>docSign ID</title>
					<type>d:text</type>
				</property>
				
				<property name="soap:providerEmail"> 
					<title>Provider Email</title>
					<type>d:text</type>
				</property>
				
				<property name="soap:docuSignStatus"> 
					<title>docSign Status</title>
					<type>d:text</type>
				</property>

				<property name="soap:providerName"> 
					<title>Provider Name</title>
					<type>d:text</type>
				</property>
				<property name="soap:onboardingStatus"> 
					<title>Onboarding Status</title>
					<type>d:text</type>
				</property>
				<property name="soap:providerLOB"> 
					<title>Provider Line Of Business</title>
					<type>d:text</type>
				</property>
				<property name="soap:providerSpecialization"> 
					<title>Provider Specialization</title>
					<type>d:text</type>
				</property>
				<property name="soap:providerLocation"> 
					<title>Provider Location</title>
					<type>d:text</type>
				</property>
				<property name="soap:providerPhoneNumber"> 
					<title>Provider Phone Number</title>
					<type>d:text</type>
				</property>
				<property name="soap:soapcomments"> 
					<title>Comments</title>
					<type>d:text</type>
				</property>
				<property name="soap:soapdoctype"> 
					<title>SOAP Document Type</title>
					<type>d:text</type>
				</property>
				<property name="soap:taskid"> 
					<title>SOAP Task Id</title>
					<type>d:text</type>
				</property>
				</properties>
		</type>
		
	</types>
	

</model>