<?xml version="1.0" encoding="UTF-8"?>
<beans xmlns="http://www.springframework.org/schema/beans"
       xmlns:xsi="http://www.w3.org/2001/XMLSchema-instance"
       xsi:schemaLocation="http://www.springframework.org/schema/beans http://www.springframework.org/schema/beans/spring-beans.xsd">

    <!-- Custom Response -->
    <bean id="googleDocsImportFormats"
          class="org.alfresco.integrations.google.docs.repo.jscript.app.GoogleDocsCustomResponse">
        <property name="googledocsService">
            <ref bean="GoogleDocsService"/>
        </property>
    </bean>

    <bean id="googleDocsCustomResponses" parent="registerSlingshotCustomResponse">
        <property name="key">
            <value>googledocs</value>
        </property>
        <property name="value">
            <ref bean="googleDocsImportFormats"/>
        </property>
    </bean>
</beans>
