<?xml version="1.0" encoding="UTF-8"?>
<beans xmlns="http://www.springframework.org/schema/beans"
       xmlns:xsi="http://www.w3.org/2001/XMLSchema-instance"
       xsi:schemaLocation="http://www.springframework.org/schema/beans http://www.springframework.org/schema/beans/spring-beans.xsd">

    <import resource="google-customResponse-context.xml" />

    <!-- Googledocs Service -->
    <bean id="GoogleDocsService" class="org.springframework.aop.framework.ProxyFactoryBean">
        <property name="proxyInterfaces">
            <value>org.alfresco.integrations.google.docs.service.GoogleDocsService</value>
        </property>
        <property name="target">
            <ref bean="googledocsService"/>
        </property>
        <property name="interceptorNames">
            <list>
                <idref bean="AuditMethodInterceptor"/>
                <idref bean="exceptionTranslator"/>
                <idref bean="googledocsService_security"/>
            </list>
        </property>
    </bean>

    <bean id="googledocsService_security" class="org.alfresco.repo.security.permissions.impl.acegi.MethodSecurityInterceptor">
        <property name="authenticationManager">
            <ref bean="authenticationManager"/>
        </property>
        <property name="accessDecisionManager">
            <ref bean="accessDecisionManager"/>
        </property>
        <property name="afterInvocationManager">
            <ref bean="afterInvocationManager"/>
        </property>
        <property name="objectDefinitionSource">
            <value>
                org.alfresco.integrations.google.docs.service.GoogleDocsService.isEnabled=ACL_ALLOW
                org.alfresco.integrations.google.docs.service.GoogleDocsService.getCredential=ACL_ALLOW
                org.alfresco.integrations.google.docs.service.GoogleDocsService.isAuthenticated=ACL_ALLOW
                org.alfresco.integrations.google.docs.service.GoogleDocsService.getAuthenticateUrl=ACL_ALLOW
                org.alfresco.integrations.google.docs.service.GoogleDocsService.completeAuthentication=ACL_ALLOW
                org.alfresco.integrations.google.docs.service.GoogleDocsService.getDriveUser=ACL_ALLOW
                org.alfresco.integrations.google.docs.service.GoogleDocsService.getDriveFile=ACL_ALLOW
                org.alfresco.integrations.google.docs.service.GoogleDocsService.createDocument=ACL_ALLOW
                org.alfresco.integrations.google.docs.service.GoogleDocsService.createSpreadSheet=ACL_ALLOW
                org.alfresco.integrations.google.docs.service.GoogleDocsService.createPresentation=ACL_ALLOW
                org.alfresco.integrations.google.docs.service.GoogleDocsService.decorateNode=ACL_ALLOW
                org.alfresco.integrations.google.docs.service.GoogleDocsService.unDecorateNode=ACL_ALLOW
                org.alfresco.integrations.google.docs.service.GoogleDocsService.isExportable=ACL_ALLOW
                org.alfresco.integrations.google.docs.service.GoogleDocsService.isImportable=ACL_ALLOW
                org.alfresco.integrations.google.docs.service.GoogleDocsService.getImportFormats=ACL_ALLOW
                org.alfresco.integrations.google.docs.service.GoogleDocsService.getContentType=ACL_ALLOW
                org.alfresco.integrations.google.docs.service.GoogleDocsService.getDocument=ACL_ALLOW
                org.alfresco.integrations.google.docs.service.GoogleDocsService.getSpreadSheet=ACL_ALLOW
                org.alfresco.integrations.google.docs.service.GoogleDocsService.getPresentation=ACL_ALLOW
                org.alfresco.integrations.google.docs.service.GoogleDocsService.uploadFile=ACL_ALLOW
                org.alfresco.integrations.google.docs.service.GoogleDocsService.hasConcurrentEditors=ACL_ALLOW
                org.alfresco.integrations.google.docs.service.GoogleDocsService.getLatestRevision=ACL_ALLOW
                org.alfresco.integrations.google.docs.service.GoogleDocsService.lockNode=ACL_ALLOW
                org.alfresco.integrations.google.docs.service.GoogleDocsService.unlockNode=ACL_ALLOW
                org.alfresco.integrations.google.docs.service.GoogleDocsService.isGoogleDocsLockOwner=ACL_ALLOW
                org.alfresco.integrations.google.docs.service.GoogleDocsService.isLockedByGoogleDocs=ACL_ALLOW
                org.alfresco.integrations.google.docs.service.GoogleDocsService.getGoogleDocsLockOwner=ACL_ALLOW
                org.alfresco.integrations.google.docs.service.GoogleDocsService.deleteContent=ACL_ALLOW
                org.alfresco.integrations.google.docs.service.GoogleDocsService.removeContent=ACL_ALLOW
                org.alfresco.integrations.google.docs.service.GoogleDocsService.getGooglePermissions=ACL_ALLOW
                org.alfresco.integrations.google.docs.service.GoogleDocsService.addRemotePermissions=ACL_ALLOW
                org.alfresco.integrations.google.docs.service.GoogleDocsService.isSiteManager=ACL_ALLOW
                org.alfresco.integrations.google.docs.service.GoogleDocsService.*=ACL_DENY
            </value>
        </property>
    </bean>


    <bean id="googledocsService"
          class="org.alfresco.integrations.google.docs.service.GoogleDocsServiceImpl" init-method="init">
        <property name="oauth2CredentialsStoreService">
            <ref bean="OAuth2CredentialsStoreService" />
        </property>
        <property name="fileFolderService">
            <ref bean="fileFolderService"/>
        </property>
        <property name="nodeService">
            <ref bean="nodeService"/>
        </property>
        <property name="lockService">
            <ref bean="lockService"/>
        </property>
        <property name="fileNameUtil">
            <ref bean="fileNameUtil"/>
        </property>
        <property name="dictionaryService">
            <ref bean="dictionaryService"/>
        </property>
        <property name="mimetypeService">
            <ref bean="mimetypeService"/>
        </property>
        <property name="behaviourFilter">
            <ref bean="policyBehaviourFilter" />
        </property>
        <property name="activityService">
            <ref bean="activityService"/>
        </property>
        <property name="siteService">
            <ref bean="siteService"/>
        </property>
        <property name="tenantService">
            <ref bean="tenantService" />
        </property>
        <property name="personService">
            <ref bean="personService"/>
        </property>
        <property name="authorityService">
            <ref bean="authorityService"/>
        </property>
        <property name="importFormats">
            <map>
                <entry
                        key="application/vnd.openxmlformats-officedocument.presentationml.presentation">
                    <value>presentation</value>
                </entry>
                <entry key="application/vnd.ms-powerpoint">
                    <value>presentation</value>
                </entry>
                <entry key="text/tab-separated-values">
                    <value>spreadsheet</value>
                </entry>
                <entry key="application/vnd.sun.xml.writer">
                    <value>document</value>
                </entry>
                <entry key="application/vnd.ms-excel">
                    <value>spreadsheet</value>
                </entry>
                <entry
                        key="application/vnd.openxmlformats-officedocument.spreadsheetml.sheet">
                    <value>spreadsheet</value>
                </entry>
                <entry key="application/rtf">
                    <value>document</value>
                </entry>
                <entry key="application/msword">
                    <value>document</value>
                </entry>
                <entry key="application/vnd.oasis.opendocument.text">
                    <value>document</value>
                </entry>
                <entry key="text/plain">
                    <value>document</value>
                </entry>
                <entry key="text/csv">
                    <value>spreadsheet</value>
                </entry>
                <entry key="text/rtf">
                    <value>document</value>
                </entry>
                <entry key="application/x-vnd.oasis.opendocument.spreadsheet">
                    <value>spreadsheet</value>
                </entry>
                <!-- GOOGLEDOCS-71 Work around Alfresco only supporting this mimetype for ODS OpenOffice SpreadSheets -->
                <entry key="application/vnd.oasis.opendocument.spreadsheet">
                    <value>spreadsheet</value>
                </entry>
                <entry
                        key="application/vnd.openxmlformats-officedocument.wordprocessingml.document">
                    <value>document</value>
                </entry>
            </map>
        </property>
        <property name="exportFormats">
            <map>
                <entry key="document">
                    <map>
                        <entry key="application/vnd.openxmlformats-officedocument.wordprocessingml.document">
                            <value>docx</value>
                        </entry>
                        <entry key="application/msword">
                            <value>doc</value>
                        </entry>
                        <entry key="application/rtf">
                            <value>rtf</value>
                        </entry>
                        <entry key="text/plain">
                            <value>txt</value>
                        </entry>
                        <entry key="application/vnd.oasis.opendocument.text">
                            <value>odt</value>
                        </entry>
                        <entry key="text/rtf">
                            <value>rtf</value>
                        </entry>
                    </map>
                </entry>
                <entry key="spreadsheet">
                    <map>
                        <entry key="application/x-vnd.oasis.opendocument.spreadsheet">
                            <value>ods</value>
                        </entry>
                        <!-- GOOGLEDOCS-71 Work around Alfresco only supporting this mimetype for ODS OpenOffice SpreadSheets -->
                        <entry key="application/vnd.oasis.opendocument.spreadsheet">
                            <value>ods</value>
                        </entry>
                        <entry key="application/vnd.openxmlformats-officedocument.spreadsheetml.sheet">
                            <value>xlsx</value>
                        </entry>
                        <entry key="application/vnd.ms-excel">
                            <value>xls</value>
                        </entry>
                        <entry key="text/tab-separated-values">
                            <value>tsv</value>
                        </entry>
                        <entry key="text/csv">
                            <value>csv</value>
                        </entry>
                    </map>
                </entry>
                <entry key="presentation">
                    <map>
                        <entry key="application/vnd.openxmlformats-officedocument.presentationml.presentation">
                            <value>pptx</value>
                        </entry>
                        <entry key="application/vnd.ms-powerpoint">
                            <value>ppt</value>
                        </entry>
                    </map>
                </entry>
            </map>
        </property>
        <property name="upgradeMappings">
            <map>
                <entry key="application/vnd.sun.xml.writer">
                    <value>application/vnd.oasis.opendocument.text</value>
                </entry>
                <entry key="application/vnd.ms-excel">
                    <value>application/vnd.openxmlformats-officedocument.spreadsheetml.sheet</value>
                </entry>
                <entry key="application/msword">
                    <value>application/vnd.openxmlformats-officedocument.wordprocessingml.document</value>
                </entry>
                <entry key="application/vnd.ms-powerpoint">
                    <value>application/vnd.openxmlformats-officedocument.presentationml.presentation</value>
                </entry>
            </map>
        </property>
        <property name="newDocument">
            <value>classpath:alfresco/module/org.alfresco.integrations.google.docs/resources/UntitledDocument.docx</value>
        </property>
        <property name="newSpreadsheet">
            <value>classpath:alfresco/module/org.alfresco.integrations.google.docs/resources/UntitledSpreadsheet.xlsx</value>
        </property>
        <property name="newPresentation">
            <value>classpath:alfresco/module/org.alfresco.integrations.google.docs/resources/UntitledPresentation.pptx</value>
        </property>
        <property name="enabled">
            <value>${googledocs.enabled}</value>
        </property>
        <property name="idleThreshold">
            <value>${integration.googleDocs.idleThresholdSeconds}</value>
        </property>
    </bean>
</beans>
