<?xml version='1.0' encoding='UTF-8'?>
<!DOCTYPE beans PUBLIC '-//SPRING//DTD BEAN//EN' 'http://www.springframework.org/dtd/spring-beans.dtd'>
<beans>
   <!-- NullFilter used for this bean, as we are using the more widely-scoped globalAuthenticationFilter -->
   <bean id="authenticationFilter" class="org.alfresco.repo.web.filter.beans.NullFilter">
      <property name="active">
         <value>${ntlm.authentication.sso.enabled}</value>
      </property>
   </bean>

   <bean id="ntlm_SSOFallbackBasicAuthenticationDriver" class="org.alfresco.repo.webdav.auth.SSOFallbackBasicAuthenticationDriver">
      <property name="authenticationService">
         <ref bean="AuthenticationService" />
      </property>
      <property name="personService">
         <ref bean="personService" />
      </property>
      <property name="nodeService">
         <ref bean="nodeService"/>
      </property>
      <property name="transactionService">
         <ref bean="transactionService" />
      </property>
   </bean>

   <bean id="globalAuthenticationFilter" class="org.alfresco.web.app.servlet.NTLMAuthenticationFilter">
      <property name="active">
         <value>${ntlm.authentication.sso.enabled}</value>
      </property>
      <property name="ticketLogons">
         <value>${ntlm.authentication.browser.ticketLogons}</value>
      </property>
      <property name="serverConfiguration">
         <ref bean="fileServerConfiguration" />
      </property>
      <property name="authenticationService">
         <ref bean="AuthenticationService" />
      </property>
      <property name="authenticationComponent">
         <ref bean="AuthenticationComponent" />
      </property>
      <property name="authenticationListener">
         <ref bean="globalAuthenticationListener"/>
      </property>
      <property name="personService">
         <ref bean="personService" />
      </property>
      <property name="nodeService">
         <ref bean="NodeService" />
      </property>
      <property name="transactionService">
         <ref bean="TransactionService" />
      </property>
      <property name="mapUnknownUserToGuest">
         <value>${ntlm.authentication.mapUnknownUserToGuest}</value>
      </property>
      <property name="remoteUserMapper">
         <ref bean="RemoteUserMapper" />
      </property>
   </bean>

   <bean id="webscriptAuthenticationFilter" class="org.alfresco.web.app.servlet.WebScriptSSOAuthenticationFilter">
      <property name="active">
         <value>${ntlm.authentication.sso.enabled}</value>
      </property>
      <property name="authenticationService">
         <ref bean="AuthenticationService" />
      </property>
      <property name="authenticationComponent">
         <ref bean="AuthenticationComponent" />
      </property>
      <property name="personService">
         <ref bean="personService" />
      </property>
      <property name="nodeService">
         <ref bean="NodeService" />
      </property>
      <property name="transactionService">
         <ref bean="TransactionService" />
      </property>
      <property name="container">
         <ref bean="webscripts.container" />
      </property>
   </bean>

   <bean id="webDavAuthenticationFilter" class="org.alfresco.repo.webdav.auth.NTLMAuthenticationFilter">
      <property name="active">
         <value>${ntlm.authentication.sso.enabled}</value>
      </property>
      <property name="ticketLogons">
         <value>true</value>
      </property>
      <property name="serverConfiguration">
         <ref bean="fileServerConfiguration" />
      </property>
      <property name="authenticationListener">
         <ref bean="webDavAuthenticationListener"/>
      </property>
      <property name="authenticationService">
         <ref bean="AuthenticationService" />
      </property>
      <property name="authenticationComponent">
         <ref bean="AuthenticationComponent" />
      </property>
      <property name="personService">
         <ref bean="personService" />
      </property>
      <property name="nodeService">
         <ref bean="NodeService" />
      </property>
      <property name="transactionService">
         <ref bean="TransactionService" />
      </property>
      <property name="mapUnknownUserToGuest">
         <value>${ntlm.authentication.mapUnknownUserToGuest}</value>
      </property>
      <property name="remoteUserMapper">
         <ref bean="RemoteUserMapper" />
      </property>
      <property name="fallbackEnabled">
         <value>${ntlm.authentication.sso.fallback.enabled}</value>
      </property>
      <property name="fallback">
         <ref bean="ntlm_SSOFallbackBasicAuthenticationDriver"/>
      </property>
   </bean>

   <bean id="sharepointAuthenticationHandler" class="org.alfresco.web.sharepoint.auth.ntlm.NtlmAuthenticationHandler">
      <property name="active">
         <value>${ntlm.authentication.sso.enabled}</value>
      </property>
      <property name="serverConfiguration">
         <ref bean="fileServerConfiguration" />
      </property>
      <property name="authenticationService">
         <ref bean="AuthenticationService" />
      </property>
      <property name="authenticationComponent">
         <ref bean="AuthenticationComponent" />
      </property>
      <property name="authenticationListener">
         <ref bean="sharepointAuthenticationListener"/>
      </property>
      <property name="personService">
         <ref bean="personService" />
      </property>
      <property name="nodeService">
         <ref bean="NodeService" />
      </property>
      <property name="transactionService">
         <ref bean="TransactionService" />
      </property>
      <property name="mapUnknownUserToGuest">
         <value>${ntlm.authentication.mapUnknownUserToGuest}</value>
      </property>
   </bean>

</beans>